,Item,Prices,Rating
0,Dell Inspiron,2000,1
1,Dell Inspiron,2000,1
2,Dell Inspiron,2000,4
3,Dell Inspiron,2000,1
4,Dell Inspiron,2000,0
5,Dell Inspiron,2000,1
6,Dell Inspiron,2000,2
7,Dell Inspiron,2000,5
8,Dell Inspiron,2000,2
9,Dell Inspiron,2000,2
10,Dell Inspiron,2000,0
11,Dell Inspiron,2000,1
12,Dell Inspiron,2000,3
13,Dell Inspiron,2000,0
14,Dell Inspiron,2000,3
15,Dell Inspiron,2000,5
16,Dell Inspiron,2000,2
17,Dell Inspiron,2000,4
18,Dell Inspiron,2000,1
19,Dell Inspiron,2000,4
20,Dell Inspiron,2000,3
21,Dell Inspiron,2000,1
22,Dell Inspiron,2000,0
23,Dell Inspiron,2000,0
24,Dell Inspiron,2000,2
25,Dell Inspiron,2000,1
26,Dell Inspiron,2000,0
27,Dell Inspiron,2000,4
28,Dell Inspiron,2000,1
29,Dell Inspiron,2000,2
30,Dell Inspiron,2000,3
31,Dell Inspiron,2000,2
32,Dell Inspiron,2000,3
33,Dell Inspiron,2000,3
34,Dell Inspiron,2000,3
35,Dell Inspiron,2000,4
36,Dell Inspiron,2000,3
37,Dell Inspiron,2000,3
38,Dell Inspiron,2000,4
39,Dell Inspiron,2000,0
40,Dell Inspiron,2000,3
41,Dell Inspiron,2000,4
42,Dell Inspiron,2000,4
43,Dell Inspiron,2000,0
44,Dell Inspiron,2000,4
45,Dell Inspiron,2000,4
46,Dell Inspiron,2000,2
47,Dell Inspiron,2000,2
48,Dell Inspiron,2000,2
49,Dell Inspiron,2000,0
50,Dell Inspiron,2000,5
51,Dell Inspiron,2000,5
52,Dell Inspiron,2000,3
53,Dell Inspiron,2000,4
54,Dell Inspiron,2000,0
55,Dell Inspiron,2000,0
56,Dell Inspiron,2000,2
57,Dell Inspiron,2000,1
58,Dell Inspiron,2000,5
59,Dell Inspiron,2000,0
60,Dell Inspiron,2000,1
61,Dell Inspiron,2000,0
62,Dell Inspiron,2000,4
63,Dell Inspiron,2000,1
64,Dell Inspiron,2000,3
65,Dell Inspiron,2000,5
66,Dell Inspiron,2000,2
67,Dell Inspiron,2000,2
68,Dell Inspiron,2000,2
69,Dell Inspiron,2000,2
70,Dell Inspiron,2000,0
71,Dell Inspiron,2000,1
72,Dell Inspiron,2000,0
73,Dell Inspiron,2000,3
74,Dell Inspiron,2000,5
75,Dell Inspiron,2000,4
76,Dell Inspiron,2000,5
77,Dell Inspiron,2000,1
78,Dell Inspiron,2000,5
79,Dell Inspiron,2000,4
80,Dell Inspiron,2000,3
81,Dell Inspiron,2000,4
82,Dell Inspiron,2000,1
83,Dell Inspiron,2000,0
84,Dell Inspiron,2000,3
85,Dell Inspiron,2000,0
86,Dell Inspiron,2000,1
87,Dell Inspiron,2000,2
88,Dell Inspiron,2000,5
89,Dell Inspiron,2000,5
90,Dell Inspiron,2000,0
91,Dell Inspiron,2000,2
92,Dell Inspiron,2000,3
93,Dell Inspiron,2000,0
94,Dell Inspiron,2000,0
95,Dell Inspiron,2000,3
96,Dell Inspiron,2000,1
97,Dell Inspiron,2000,0
98,Dell Inspiron,2000,5
99,Dell Inspiron,2000,5
100,Dell Inspiron,2000,0
101,Dell Inspiron,2000,3
102,Dell Inspiron,2000,2
103,Dell Inspiron,2000,1
104,Dell Inspiron,2000,2
105,Dell Inspiron,2000,2
106,Dell Inspiron,2000,0
107,Dell Inspiron,2000,1
108,Dell Inspiron,2000,4
109,Dell Inspiron,2000,2
110,Dell Inspiron,2000,3
111,Dell Inspiron,2000,4
112,Dell Inspiron,2000,5
113,Dell Inspiron,2000,3
114,Dell Inspiron,2000,4
115,Dell Inspiron,2000,3
116,Dell Inspiron,2000,4
117,Dell Inspiron,2000,1
118,Dell Inspiron,2000,1
119,Dell Inspiron,2000,2
120,Dell Inspiron,2000,5
121,Dell Inspiron,2000,1
122,Dell Inspiron,2000,3
123,Dell Inspiron,2000,3
124,Dell Inspiron,2000,1
125,Dell Inspiron,2000,5
126,Dell Inspiron,2000,5
127,Dell Inspiron,2000,5
128,Dell Inspiron,2000,3
129,Dell Inspiron,2000,4
130,Dell Inspiron,2000,1
131,Dell Inspiron,2000,0
132,Dell Inspiron,2000,2
133,Dell Inspiron,2000,2
134,Dell Inspiron,2000,3
135,Dell Inspiron,2000,3
136,Dell Inspiron,2000,1
137,Dell Inspiron,2000,0
138,Dell Inspiron,2000,4
139,Dell Inspiron,2000,4
140,Dell Inspiron,2000,2
141,Dell Inspiron,2000,5
142,Dell Inspiron,2000,2
143,Dell Inspiron,2000,0
144,Dell Inspiron,2000,1
145,Dell Inspiron,2000,3
146,Dell Inspiron,2000,3
147,Dell Inspiron,2000,3
148,Dell Inspiron,2000,4
149,Dell Inspiron,2000,4
150,Dell Inspiron,2000,5
151,Dell Inspiron,2000,3
152,Dell Inspiron,2000,3
153,Dell Inspiron,2000,3
154,Dell Inspiron,2000,1
155,Dell Inspiron,2000,5
156,Dell Inspiron,2000,4
157,Dell Inspiron,2000,0
158,Dell Inspiron,2000,2
159,Dell Inspiron,2000,0
160,Dell Inspiron,2000,5
161,Dell Inspiron,2000,2
162,Dell Inspiron,2000,3
163,Dell Inspiron,2000,4
164,Dell Inspiron,2000,5
165,Dell Inspiron,2000,2
166,Dell Inspiron,2000,1
167,Dell Inspiron,2000,2
168,Dell Inspiron,2000,5
169,Dell Inspiron,2000,0
170,Dell Inspiron,2000,1
171,Dell Inspiron,2000,5
172,Dell Inspiron,2000,4
173,Dell Inspiron,2000,1
174,Dell Inspiron,2000,2
175,Dell Inspiron,2000,1
176,Dell Inspiron,2000,2
177,Dell Inspiron,2000,0
178,Dell Inspiron,2000,4
179,Dell Inspiron,2000,4
180,Dell Inspiron,2000,3
181,Dell Inspiron,2000,2
182,Dell Inspiron,2000,2
183,Dell Inspiron,2000,5
184,Dell Inspiron,2000,0
185,Dell Inspiron,2000,4
186,Dell Inspiron,2000,3
187,Dell Inspiron,2000,4
188,Dell Inspiron,2000,4
189,Dell Inspiron,2000,5
190,Dell Inspiron,2000,4
191,Dell Inspiron,2000,1
192,Dell Inspiron,2000,4
193,Dell Inspiron,2000,0
194,Dell Inspiron,2000,0
195,Dell Inspiron,2000,1
196,Dell Inspiron,2000,5
197,Dell Inspiron,2000,5
198,Dell Inspiron,2000,1
199,Dell Inspiron,2000,5
200,Dell Inspiron,2000,5
201,Dell Inspiron,2000,1
202,Dell Inspiron,2000,4
203,Dell Inspiron,2000,2
204,Dell Inspiron,2000,4
205,Dell Inspiron,2000,3
206,Dell Inspiron,2000,5
207,Dell Inspiron,2000,5
208,Dell Inspiron,2000,1
209,Dell Inspiron,2000,4
210,Dell Inspiron,2000,3
211,Dell Inspiron,2000,5
212,Dell Inspiron,2000,3
213,Dell Inspiron,2000,5
214,Dell Inspiron,2000,4
215,Dell Inspiron,2000,4
216,Dell Inspiron,2000,2
217,Dell Inspiron,2000,4
218,Dell Inspiron,2000,0
219,Dell Inspiron,2000,3
220,Dell Inspiron,2000,3
221,Dell Inspiron,2000,2
222,Dell Inspiron,2000,4
223,Dell Inspiron,2000,5
224,Dell Inspiron,2000,3
225,Dell Inspiron,2000,5
226,Dell Inspiron,2000,4
227,Dell Inspiron,2000,2
228,Dell Inspiron,2000,2
229,Dell Inspiron,2000,4
230,Dell Inspiron,2000,2
231,Dell Inspiron,2000,2
232,Dell Inspiron,2000,4
233,Dell Inspiron,2000,0
234,Dell Inspiron,2000,3
235,Dell Inspiron,2000,1
236,Dell Inspiron,2000,5
237,Dell Inspiron,2000,0
238,Dell Inspiron,2000,3
239,Dell Inspiron,2000,2
240,Dell Inspiron,2000,0
241,Dell Inspiron,2000,5
242,Dell Inspiron,2000,1
243,Dell Inspiron,2000,0
244,Dell Inspiron,2000,5
245,Dell Inspiron,2000,4
246,Dell Inspiron,2000,4
247,Dell Inspiron,2000,2
248,Dell Inspiron,2000,2
249,Dell Inspiron,2000,5
250,Dell Inspiron,2000,2
251,Dell Inspiron,2000,2
252,Dell Inspiron,2000,3
253,Dell Inspiron,2000,3
254,Dell Inspiron,2000,4
255,Dell Inspiron,2000,5
256,Dell Inspiron,2000,2
257,Dell Inspiron,2000,2
258,Dell Inspiron,2000,5
259,Dell Inspiron,2000,4
260,Dell Inspiron,2000,4
261,Dell Inspiron,2000,5
262,Dell Inspiron,2000,1
263,Dell Inspiron,2000,2
264,Dell Inspiron,2000,1
265,Dell Inspiron,2000,4
266,Dell Inspiron,2000,4
267,Dell Inspiron,2000,3
268,Dell Inspiron,2000,3
269,Dell Inspiron,2000,1
270,Dell Inspiron,2000,4
271,Dell Inspiron,2000,3
272,Dell Inspiron,2000,3
273,Dell Inspiron,2000,3
274,Dell Inspiron,2000,3
275,Dell Inspiron,2000,5
276,Dell Inspiron,2000,3
277,Dell Inspiron,2000,2
278,Dell Inspiron,2000,0
279,Dell Inspiron,2000,4
280,Dell Inspiron,2000,4
281,Dell Inspiron,2000,5
282,Dell Inspiron,2000,3
283,Dell Inspiron,2000,4
284,Dell Inspiron,2000,0
285,Dell Inspiron,2000,3
286,Dell Inspiron,2000,3
287,Dell Inspiron,2000,1
288,Dell Inspiron,2000,5
289,Dell Inspiron,2000,4
290,Dell Inspiron,2000,4
291,Dell Inspiron,2000,1
292,Dell Inspiron,2000,4
293,Dell Inspiron,2000,2
294,Dell Inspiron,2000,3
295,Dell Inspiron,2000,1
296,Dell Inspiron,2000,2
297,Dell Inspiron,2000,4
298,Dell Inspiron,2000,0
299,Dell Inspiron,2000,0
300,Dell Inspiron,2000,3
301,Dell Inspiron,2000,0
302,Dell Inspiron,2000,5
303,Dell Inspiron,2000,3
304,Dell Inspiron,2000,1
305,Dell Inspiron,2000,2
306,Dell Inspiron,2000,0
307,Dell Inspiron,2000,2
308,Dell Inspiron,2000,3
309,Dell Inspiron,2000,1
310,Dell Inspiron,2000,2
311,Dell Inspiron,2000,1
312,Dell Inspiron,2000,5
313,Dell Inspiron,2000,0
314,Dell Inspiron,2000,0
315,Dell Inspiron,2000,0
316,Dell Inspiron,2000,0
317,Dell Inspiron,2000,5
318,Dell Inspiron,2000,4
319,Dell Inspiron,2000,3
320,Dell Inspiron,2000,0
321,Dell Inspiron,2000,1
322,Dell Inspiron,2000,5
323,Dell Inspiron,2000,4
324,Dell Inspiron,2000,5
325,Dell Inspiron,2000,4
326,Dell Inspiron,2000,5
327,Dell Inspiron,2000,0
328,Dell Inspiron,2000,2
329,Dell Inspiron,2000,1
330,Dell Inspiron,2000,5
331,Dell Inspiron,2000,4
332,Dell Inspiron,2000,2
333,Dell Inspiron,2000,3
334,Dell Inspiron,2000,3
335,Dell Inspiron,2000,5
336,Dell Inspiron,2000,4
337,Dell Inspiron,2000,3
338,Dell Inspiron,2000,0
339,Dell Inspiron,2000,5
340,Dell Inspiron,2000,3
341,Dell Inspiron,2000,2
342,Dell Inspiron,2000,1
343,Dell Inspiron,2000,0
344,Dell Inspiron,2000,5
345,Dell Inspiron,2000,3
346,Dell Inspiron,2000,2
347,Dell Inspiron,2000,1
348,Dell Inspiron,2000,5
349,Dell Inspiron,2000,3
350,Dell Inspiron,2000,0
351,Dell Inspiron,2000,3
352,Dell Inspiron,2000,1
353,Dell Inspiron,2000,2
354,Dell Inspiron,2000,5
355,Dell Inspiron,2000,2
356,Dell Inspiron,2000,1
357,Dell Inspiron,2000,4
358,Dell Inspiron,2000,1
359,Dell Inspiron,2000,0
360,Dell Inspiron,2000,5
361,Dell Inspiron,2000,5
362,Dell Inspiron,2000,0
363,Dell Inspiron,2000,3
364,Dell Inspiron,2000,0
365,Dell Inspiron,2000,5
366,Dell Inspiron,2000,3
367,Dell Inspiron,2000,0
368,Dell Inspiron,2000,5
369,Dell Inspiron,2000,0
370,Dell Inspiron,2000,0
371,Dell Inspiron,2000,2
372,Dell Inspiron,2000,3
373,Dell Inspiron,2000,1
374,Dell Inspiron,2000,3
375,Dell Inspiron,2000,5
376,Dell Inspiron,2000,1
377,Dell Inspiron,2000,5
378,Dell Inspiron,2000,1
379,Dell Inspiron,2000,4
380,Dell Inspiron,2000,1
381,Dell Inspiron,2000,0
382,Dell Inspiron,2000,3
383,Dell Inspiron,2000,1
384,Dell Inspiron,2000,0
385,Dell Inspiron,2000,3
386,Dell Inspiron,2000,4
387,Dell Inspiron,2000,0
388,Dell Inspiron,2000,4
389,Dell Inspiron,2000,1
390,Dell Inspiron,2000,4
391,Dell Inspiron,2000,3
392,Dell Inspiron,2000,4
393,Dell Inspiron,2000,0
394,Dell Inspiron,2000,2
395,Dell Inspiron,2000,5
396,Dell Inspiron,2000,2
397,Dell Inspiron,2000,4
398,Dell Inspiron,2000,0
399,Dell Inspiron,2000,0
400,Dell Inspiron,2000,4
401,Dell Inspiron,2000,3
402,Dell Inspiron,2000,0
403,Dell Inspiron,2000,3
404,Dell Inspiron,2000,3
405,Dell Inspiron,2000,2
406,Dell Inspiron,2000,5
407,Dell Inspiron,2000,5
408,Dell Inspiron,2000,1
409,Dell Inspiron,2000,5
410,Dell Inspiron,2000,2
411,Dell Inspiron,2000,0
412,Dell Inspiron,2000,3
413,Dell Inspiron,2000,1
414,Dell Inspiron,2000,4
415,Dell Inspiron,2000,1
416,Dell Inspiron,2000,2
417,Dell Inspiron,2000,1
418,Dell Inspiron,2000,4
419,Dell Inspiron,2000,2
420,Dell Inspiron,2000,2
421,Dell Inspiron,2000,2
422,Dell Inspiron,2000,3
423,Dell Inspiron,2000,3
424,Dell Inspiron,2000,0
425,Dell Inspiron,2000,1
426,Dell Inspiron,2000,2
427,Dell Inspiron,2000,2
428,Dell Inspiron,2000,5
429,Dell Inspiron,2000,4
430,Dell Inspiron,2000,2
431,Dell Inspiron,2000,4
432,Dell Inspiron,2000,4
433,Dell Inspiron,2000,0
434,Dell Inspiron,2000,0
435,Dell Inspiron,2000,2
436,Dell Inspiron,2000,4
437,Dell Inspiron,2000,4
438,Dell Inspiron,2000,2
439,Dell Inspiron,2000,4
440,Dell Inspiron,2000,0
441,Dell Inspiron,2000,0
442,Dell Inspiron,2000,0
443,Dell Inspiron,2000,2
444,Dell Inspiron,2000,4
445,Dell Inspiron,2000,3
446,Dell Inspiron,2000,3
447,Dell Inspiron,2000,2
448,Dell Inspiron,2000,5
449,Dell Inspiron,2000,2
450,Dell Inspiron,2000,3
451,Dell Inspiron,2000,0
452,Dell Inspiron,2000,4
453,Dell Inspiron,2000,1
454,Dell Inspiron,2000,2
455,Dell Inspiron,2000,5
456,Dell Inspiron,2000,3
457,Dell Inspiron,2000,2
458,Dell Inspiron,2000,1
459,Dell Inspiron,2000,4
460,Dell Inspiron,2000,2
461,Dell Inspiron,2000,0
462,Dell Inspiron,2000,0
463,Dell Inspiron,2000,3
464,Dell Inspiron,2000,1
465,Dell Inspiron,2000,4
466,Dell Inspiron,2000,1
467,Dell Inspiron,2000,1
468,Dell Inspiron,2000,0
469,Dell Inspiron,2000,0
470,Dell Inspiron,2000,1
471,Dell Inspiron,2000,2
472,Dell Inspiron,2000,1
473,Dell Inspiron,2000,2
474,Dell Inspiron,2000,0
475,Dell Inspiron,2000,3
476,Dell Inspiron,2000,4
477,Dell Inspiron,2000,4
478,Dell Inspiron,2000,3
479,Dell Inspiron,2000,5
480,Dell Inspiron,2000,5
481,Dell Inspiron,2000,2
482,Dell Inspiron,2000,2
483,Dell Inspiron,2000,4
484,Dell Inspiron,2000,4
485,Dell Inspiron,2000,0
486,Dell Inspiron,2000,0
487,Dell Inspiron,2000,5
488,Dell Inspiron,2000,1
489,Dell Inspiron,2000,3
490,Dell Inspiron,2000,2
491,Dell Inspiron,2000,5
492,Dell Inspiron,2000,4
493,Dell Inspiron,2000,3
494,Dell Inspiron,2000,3
495,Dell Inspiron,2000,0
496,Dell Inspiron,2000,2
497,Dell Inspiron,2000,3
498,Dell Inspiron,2000,0
499,Dell Inspiron,2000,1
500,Dell Inspiron,2000,2
501,Dell Inspiron,2000,0
502,Dell Inspiron,2000,2
503,Dell Inspiron,2000,5
504,Dell Inspiron,2000,4
505,Dell Inspiron,2000,2
506,Dell Inspiron,2000,5
507,Dell Inspiron,2000,4
508,Dell Inspiron,2000,3
509,Dell Inspiron,2000,4
510,Dell Inspiron,2000,2
511,Dell Inspiron,2000,3
512,Dell Inspiron,2000,1
513,Dell Inspiron,2000,1
514,Dell Inspiron,2000,5
515,Dell Inspiron,2000,3
516,Dell Inspiron,2000,4
517,Dell Inspiron,2000,1
518,Dell Inspiron,2000,5
519,Dell Inspiron,2000,3
520,Dell Inspiron,2000,3
521,Dell Inspiron,2000,4
522,Dell Inspiron,2000,1
523,Dell Inspiron,2000,2
524,Dell Inspiron,2000,3
525,Dell Inspiron,2000,0
526,Dell Inspiron,2000,3
527,Dell Inspiron,2000,5
528,Dell Inspiron,2000,0
529,Dell Inspiron,2000,3
530,Dell Inspiron,2000,3
531,Dell Inspiron,2000,2
532,Dell Inspiron,2000,1
533,Dell Inspiron,2000,0
534,Dell Inspiron,2000,0
535,Dell Inspiron,2000,0
536,Dell Inspiron,2000,3
537,Dell Inspiron,2000,1
538,Dell Inspiron,2000,1
539,Dell Inspiron,2000,3
540,Dell Inspiron,2000,2
541,Dell Inspiron,2000,5
542,Dell Inspiron,2000,5
543,Dell Inspiron,2000,1
544,Dell Inspiron,2000,0
545,Dell Inspiron,2000,0
546,Dell Inspiron,2000,3
547,Dell Inspiron,2000,5
548,Dell Inspiron,2000,0
549,Dell Inspiron,2000,5
550,Dell Inspiron,2000,1
551,Dell Inspiron,2000,5
552,Dell Inspiron,2000,1
553,Dell Inspiron,2000,5
554,Dell Inspiron,2000,5
555,Dell Inspiron,2000,0
556,Dell Inspiron,2000,5
557,Dell Inspiron,2000,3
558,Dell Inspiron,2000,1
559,Dell Inspiron,2000,1
560,Dell Inspiron,2000,2
561,Dell Inspiron,2000,4
562,Dell Inspiron,2000,0
563,Dell Inspiron,2000,5
564,Dell Inspiron,2000,4
565,Dell Inspiron,2000,4
566,Dell Inspiron,2000,4
567,Dell Inspiron,2000,4
568,Dell Inspiron,2000,4
569,Dell Inspiron,2000,2
570,Dell Inspiron,2000,3
571,Dell Inspiron,2000,3
572,Dell Inspiron,2000,3
573,Dell Inspiron,2000,5
574,Dell Inspiron,2000,3
575,Dell Inspiron,2000,1
576,Dell Inspiron,2000,4
577,Dell Inspiron,2000,3
578,Dell Inspiron,2000,4
579,Dell Inspiron,2000,0
580,Dell Inspiron,2000,5
581,Dell Inspiron,2000,0
582,Dell Inspiron,2000,4
583,Dell Inspiron,2000,4
584,Dell Inspiron,2000,0
585,Dell Inspiron,2000,0
586,Dell Inspiron,2000,1
587,Dell Inspiron,2000,5
588,Dell Inspiron,2000,5
589,Dell Inspiron,2000,1
590,Dell Inspiron,2000,4
591,Dell Inspiron,2000,4
592,Dell Inspiron,2000,4
593,Dell Inspiron,2000,0
594,Dell Inspiron,2000,2
595,Dell Inspiron,2000,1
596,Dell Inspiron,2000,5
597,Dell Inspiron,2000,2
598,Dell Inspiron,2000,1
599,Dell Inspiron,2000,0
600,Dell Inspiron,2000,5
601,Dell Inspiron,2000,2
602,Dell Inspiron,2000,1
603,Dell Inspiron,2000,5
604,Dell Inspiron,2000,1
605,Dell Inspiron,2000,3
606,Dell Inspiron,2000,2
607,Dell Inspiron,2000,4
608,Dell Inspiron,2000,4
609,Dell Inspiron,2000,1
610,Dell Inspiron,2000,0
611,Dell Inspiron,2000,5
612,Dell Inspiron,2000,3
613,Dell Inspiron,2000,1
614,Dell Inspiron,2000,2
615,Dell Inspiron,2000,5
616,Dell Inspiron,2000,1
617,Dell Inspiron,2000,2
618,Dell Inspiron,2000,3
619,Dell Inspiron,2000,1
620,Dell Inspiron,2000,5
621,Dell Inspiron,2000,4
622,Dell Inspiron,2000,4
623,Dell Inspiron,2000,4
624,Dell Inspiron,2000,3
625,Dell Inspiron,2000,0
626,Dell Inspiron,2000,1
627,Dell Inspiron,2000,1
628,Dell Inspiron,2000,4
629,Dell Inspiron,2000,0
630,Dell Inspiron,2000,1
631,Dell Inspiron,2000,4
632,Dell Inspiron,2000,0
633,Dell Inspiron,2000,1
634,Dell Inspiron,2000,5
635,Dell Inspiron,2000,0
636,Dell Inspiron,2000,5
637,Dell Inspiron,2000,0
638,Dell Inspiron,2000,4
639,Dell Inspiron,2000,2
640,Dell Inspiron,2000,5
641,Dell Inspiron,2000,1
642,Dell Inspiron,2000,3
643,Dell Inspiron,2000,2
644,Dell Inspiron,2000,4
645,Dell Inspiron,2000,1
646,Dell Inspiron,2000,4
647,Dell Inspiron,2000,5
648,Dell Inspiron,2000,3
649,Dell Inspiron,2000,5
650,Dell Inspiron,2000,5
651,Dell Inspiron,2000,0
652,Dell Inspiron,2000,5
653,Dell Inspiron,2000,1
654,Dell Inspiron,2000,1
655,Dell Inspiron,2000,4
656,Dell Inspiron,2000,1
657,Dell Inspiron,2000,0
658,Dell Inspiron,2000,0
659,Dell Inspiron,2000,5
660,Dell Inspiron,2000,4
661,Dell Inspiron,2000,5
662,Dell Inspiron,2000,5
663,Dell Inspiron,2000,2
664,Dell Inspiron,2000,0
665,Dell Inspiron,2000,0
666,Dell Inspiron,2000,0
667,Dell Inspiron,2000,1
668,Dell Inspiron,2000,5
669,Dell Inspiron,2000,3
670,Dell Inspiron,2000,3
671,Dell Inspiron,2000,4
672,Dell Inspiron,2000,2
673,Dell Inspiron,2000,2
674,Dell Inspiron,2000,5
675,Dell Inspiron,2000,1
676,Dell Inspiron,2000,1
677,Dell Inspiron,2000,1
678,Dell Inspiron,2000,5
679,Dell Inspiron,2000,0
680,Dell Inspiron,2000,0
681,Dell Inspiron,2000,1
682,Dell Inspiron,2000,3
683,Dell Inspiron,2000,3
684,Dell Inspiron,2000,3
685,Dell Inspiron,2000,5
686,Dell Inspiron,2000,4
687,Dell Inspiron,2000,5
688,Dell Inspiron,2000,3
689,Dell Inspiron,2000,1
690,Dell Inspiron,2000,1
691,Dell Inspiron,2000,4
692,Dell Inspiron,2000,3
693,Dell Inspiron,2000,2
694,Dell Inspiron,2000,4
695,Dell Inspiron,2000,1
696,Dell Inspiron,2000,2
697,Dell Inspiron,2000,2
698,Dell Inspiron,2000,3
699,Dell Inspiron,2000,4
700,Dell Inspiron,2000,5
701,Dell Inspiron,2000,0
702,Dell Inspiron,2000,0
703,Dell Inspiron,2000,4
704,Dell Inspiron,2000,1
705,Dell Inspiron,2000,1
706,Dell Inspiron,2000,2
707,Dell Inspiron,2000,5
708,Dell Inspiron,2000,0
709,Dell Inspiron,2000,1
710,Dell Inspiron,2000,5
711,Dell Inspiron,2000,0
712,Dell Inspiron,2000,3
713,Dell Inspiron,2000,5
714,Dell Inspiron,2000,1
715,Dell Inspiron,2000,1
716,Dell Inspiron,2000,3
717,Dell Inspiron,2000,3
718,Dell Inspiron,2000,5
719,Dell Inspiron,2000,4
720,Dell Inspiron,2000,5
721,Dell Inspiron,2000,1
722,Dell Inspiron,2000,4
723,Dell Inspiron,2000,1
724,Dell Inspiron,2000,0
725,Dell Inspiron,2000,5
726,Dell Inspiron,2000,4
727,Dell Inspiron,2000,1
728,Dell Inspiron,2000,4
729,Dell Inspiron,2000,2
730,Dell Inspiron,2000,1
731,Dell Inspiron,2000,2
732,Dell Inspiron,2000,3
733,Dell Inspiron,2000,5
734,Dell Inspiron,2000,2
735,Dell Inspiron,2000,3
736,Dell Inspiron,2000,5
737,Dell Inspiron,2000,3
738,Dell Inspiron,2000,4
739,Dell Inspiron,2000,5
740,Dell Inspiron,2000,0
741,Dell Inspiron,2000,0
742,Dell Inspiron,2000,5
743,Dell Inspiron,2000,3
744,Dell Inspiron,2000,1
745,Dell Inspiron,2000,2
746,Dell Inspiron,2000,1
747,Dell Inspiron,2000,3
748,Dell Inspiron,2000,4
749,Dell Inspiron,2000,5
750,Dell Inspiron,2000,0
751,Dell Inspiron,2000,1
752,Dell Inspiron,2000,3
753,Dell Inspiron,2000,5
754,Dell Inspiron,2000,0
755,Dell Inspiron,2000,0
756,Dell Inspiron,2000,5
757,Dell Inspiron,2000,0
758,Dell Inspiron,2000,2
759,Dell Inspiron,2000,0
760,Dell Inspiron,2000,4
761,Dell Inspiron,2000,3
762,Dell Inspiron,2000,2
763,Dell Inspiron,2000,0
764,Dell Inspiron,2000,0
765,Dell Inspiron,2000,1
766,Dell Inspiron,2000,4
767,Dell Inspiron,2000,0
768,Dell Inspiron,2000,1
769,Dell Inspiron,2000,0
770,Dell Inspiron,2000,4
771,Dell Inspiron,2000,0
772,Dell Inspiron,2000,5
773,Dell Inspiron,2000,1
774,Dell Inspiron,2000,2
775,Dell Inspiron,2000,3
776,Dell Inspiron,2000,0
777,Dell Inspiron,2000,0
778,Dell Inspiron,2000,2
779,Dell Inspiron,2000,1
780,Dell Inspiron,2000,3
781,Dell Inspiron,2000,3
782,Dell Inspiron,2000,3
783,Dell Inspiron,2000,2
784,Dell Inspiron,2000,1
785,Dell Inspiron,2000,2
786,Dell Inspiron,2000,4
787,Dell Inspiron,2000,1
788,Dell Inspiron,2000,5
789,Dell Inspiron,2000,1
790,Dell Inspiron,2000,1
791,Dell Inspiron,2000,5
792,Dell Inspiron,2000,4
793,Dell Inspiron,2000,0
794,Dell Inspiron,2000,1
795,Dell Inspiron,2000,4
796,Dell Inspiron,2000,0
797,Dell Inspiron,2000,2
798,Dell Inspiron,2000,4
799,Dell Inspiron,2000,3
800,Dell Inspiron,2000,4
801,Dell Inspiron,2000,4
802,Dell Inspiron,2000,4
803,Dell Inspiron,2000,4
804,Dell Inspiron,2000,3
805,Dell Inspiron,2000,1
806,Dell Inspiron,2000,5
807,Dell Inspiron,2000,1
808,Dell Inspiron,2000,5
809,Dell Inspiron,2000,3
810,Dell Inspiron,2000,0
811,Dell Inspiron,2000,2
812,Dell Inspiron,2000,2
813,Dell Inspiron,2000,2
814,Dell Inspiron,2000,1
815,Dell Inspiron,2000,0
816,Dell Inspiron,2000,3
817,Dell Inspiron,2000,1
818,Dell Inspiron,2000,5
819,Dell Inspiron,2000,4
820,Dell Inspiron,2000,5
821,Dell Inspiron,2000,2
822,Dell Inspiron,2000,3
823,Dell Inspiron,2000,3
824,Dell Inspiron,2000,4
825,Dell Inspiron,2000,1
826,Dell Inspiron,2000,5
827,Dell Inspiron,2000,5
828,Dell Inspiron,2000,1
829,Dell Inspiron,2000,1
830,Dell Inspiron,2000,2
831,Dell Inspiron,2000,4
832,Dell Inspiron,2000,3
833,Dell Inspiron,2000,3
834,Dell Inspiron,2000,3
835,Dell Inspiron,2000,2
836,Dell Inspiron,2000,2
837,Dell Inspiron,2000,5
838,Dell Inspiron,2000,3
839,Dell Inspiron,2000,2
840,Dell Inspiron,2000,3
841,Dell Inspiron,2000,4
842,Dell Inspiron,2000,2
843,Dell Inspiron,2000,1
844,Dell Inspiron,2000,5
845,Dell Inspiron,2000,5
846,Dell Inspiron,2000,3
847,Dell Inspiron,2000,1
848,Dell Inspiron,2000,1
849,Dell Inspiron,2000,0
850,Dell Inspiron,2000,2
851,Dell Inspiron,2000,5
852,Dell Inspiron,2000,1
853,Dell Inspiron,2000,5
854,Dell Inspiron,2000,0
855,Dell Inspiron,2000,1
856,Dell Inspiron,2000,0
857,Dell Inspiron,2000,3
858,Dell Inspiron,2000,2
859,Dell Inspiron,2000,1
860,Dell Inspiron,2000,2
861,Dell Inspiron,2000,5
862,Dell Inspiron,2000,2
863,Dell Inspiron,2000,0
864,Dell Inspiron,2000,2
865,Dell Inspiron,2000,0
866,Dell Inspiron,2000,2
867,Dell Inspiron,2000,5
868,Dell Inspiron,2000,3
869,Dell Inspiron,2000,1
870,Dell Inspiron,2000,2
871,Dell Inspiron,2000,2
872,Dell Inspiron,2000,3
873,Dell Inspiron,2000,4
874,Dell Inspiron,2000,3
875,Dell Inspiron,2000,1
876,Dell Inspiron,2000,1
877,Dell Inspiron,2000,5
878,Dell Inspiron,2000,2
879,Dell Inspiron,2000,3
880,Dell Inspiron,2000,4
881,Dell Inspiron,2000,1
882,Dell Inspiron,2000,4
883,Dell Inspiron,2000,5
884,Dell Inspiron,2000,5
885,Dell Inspiron,2000,0
886,Dell Inspiron,2000,0
887,Dell Inspiron,2000,1
888,Dell Inspiron,2000,5
889,Dell Inspiron,2000,2
890,Dell Inspiron,2000,0
891,Dell Inspiron,2000,0
892,Dell Inspiron,2000,3
893,Dell Inspiron,2000,4
894,Dell Inspiron,2000,1
895,Dell Inspiron,2000,0
896,Dell Inspiron,2000,5
897,Dell Inspiron,2000,1
898,Dell Inspiron,2000,5
899,Dell Inspiron,2000,0
900,Dell Inspiron,2000,3
901,Dell Inspiron,2000,5
902,Dell Inspiron,2000,1
903,Dell Inspiron,2000,3
904,Dell Inspiron,2000,4
905,Dell Inspiron,2000,0
906,Dell Inspiron,2000,1
907,Dell Inspiron,2000,1
908,Dell Inspiron,2000,4
909,Dell Inspiron,2000,4
910,Dell Inspiron,2000,4
911,Dell Inspiron,2000,2
912,Dell Inspiron,2000,3
913,Dell Inspiron,2000,4
914,Dell Inspiron,2000,1
915,Dell Inspiron,2000,0
916,Dell Inspiron,2000,2
917,Dell Inspiron,2000,1
918,Dell Inspiron,2000,3
919,Dell Inspiron,2000,3
920,Dell Inspiron,2000,0
921,Dell Inspiron,2000,3
922,Dell Inspiron,2000,5
923,Dell Inspiron,2000,2
924,Dell Inspiron,2000,2
925,Dell Inspiron,2000,0
926,Dell Inspiron,2000,4
927,Dell Inspiron,2000,2
928,Dell Inspiron,2000,2
929,Dell Inspiron,2000,2
930,Dell Inspiron,2000,3
931,Dell Inspiron,2000,4
932,Dell Inspiron,2000,2
933,Dell Inspiron,2000,5
934,Dell Inspiron,2000,1
935,Dell Inspiron,2000,5
936,Dell Inspiron,2000,2
937,Dell Inspiron,2000,0
938,Dell Inspiron,2000,0
939,Dell Inspiron,2000,5
940,Dell Inspiron,2000,5
941,Dell Inspiron,2000,0
942,Dell Inspiron,2000,3
943,Dell Inspiron,2000,2
944,Dell Inspiron,2000,2
945,Dell Inspiron,2000,0
946,Dell Inspiron,2000,5
947,Dell Inspiron,2000,3
948,Dell Inspiron,2000,2
949,Dell Inspiron,2000,3
950,Dell Inspiron,2000,2
951,Dell Inspiron,2000,3
952,Dell Inspiron,2000,3
953,Dell Inspiron,2000,2
954,Dell Inspiron,2000,2
955,Dell Inspiron,2000,5
956,Dell Inspiron,2000,2
957,Dell Inspiron,2000,2
958,Dell Inspiron,2000,0
959,Dell Inspiron,2000,3
960,Dell Inspiron,2000,5
961,Dell Inspiron,2000,2
962,Dell Inspiron,2000,0
963,Dell Inspiron,2000,4
964,Dell Inspiron,2000,4
965,Dell Inspiron,2000,3
966,Dell Inspiron,2000,4
967,Dell Inspiron,2000,2
968,Dell Inspiron,2000,1
969,Dell Inspiron,2000,2
970,Dell Inspiron,2000,5
971,Dell Inspiron,2000,2
972,Dell Inspiron,2000,0
973,Dell Inspiron,2000,2
974,Dell Inspiron,2000,4
975,Dell Inspiron,2000,3
976,Dell Inspiron,2000,0
977,Dell Inspiron,2000,0
978,Dell Inspiron,2000,3
979,Dell Inspiron,2000,2
980,Dell Inspiron,2000,2
981,Dell Inspiron,2000,3
982,Dell Inspiron,2000,3
983,Dell Inspiron,2000,2
984,Dell Inspiron,2000,3
985,Dell Inspiron,2000,1
986,Dell Inspiron,2000,2
987,Dell Inspiron,2000,4
988,Dell Inspiron,2000,0
989,Dell Inspiron,2000,0
990,Dell Inspiron,2000,1
991,Dell Inspiron,2000,0
992,Dell Inspiron,2000,4
993,Dell Inspiron,2000,5
994,Dell Inspiron,2000,0
995,Dell Inspiron,2000,1
996,Dell Inspiron,2000,4
997,Dell Inspiron,2000,4
998,Dell Inspiron,2000,4
999,Dell Inspiron,2000,3
